JD double days,RV double m/s,RV uncertainty double m/s
2450830.958715,-19.2,6.8
2451121.019444,-12.4,7.8
2451385.310558,32.0,12.0
2451411.202523,6.0,13.0
2451473.085035,-11.9,7.2
2451525.925093,6.4,8.5
2451526.953241,-5.7,6.2
2451683.331377,36.4,8.0
2451743.276539,34.5,7.3
2451745.264167,37.0,11.0
2451767.269896,4.2,8.0
2451768.254167,11.1,6.7
2451828.060718,-9.4,9.1
2451856.064294,-33.0,11.0
2451856.924977,-4.0,15.0
2451918.940718,6.5,8.5
2452061.295943,31.9,7.2
2452092.26831,17.7,6.9
2452093.287558,2.3,7.2
2452127.222951,-11.8,7.9
2452128.154549,-3.1,7.9
2452130.243345,-26.7,7.6
2452151.211262,-20.9,6.6
2452152.078565,-14.1,8.4
2452154.154874,-28.5,6.5
2452187.099977,-14.1,5.8
2452188.035961,-16.8,6.1
2452189.019914,-30.4,5.8
2452190.003277,-20.9,5.5
2452423.329769,7.1,6.1
2452425.337593,-9.7,6.5
2452456.32088,-30.4,6.9
2452477.24794,-23.6,6.7
2452511.098449,-18.2,6.3
2452654.91588,3.7,9.1
2452784.327222,-13.5,6.5
2452857.238138,-23.2,4.7
2452861.306343,-30.0,10.0
2452946.039641,-26.7,7.4
2453007.977963,-12.2,7.9
2453041.954097,20.8,9.2
2453042.908819,11.3,9.0
2453215.278512,-56.6,4.6
2453243.282859,-49.4,7.3
2453244.226759,-57.0,7.5
2453246.094075,-51.5,5.4
2453281.137674,-52.4,7.1
2453509.333833,-44.6,3.8
2453516.331238,-50.1,4.2
2453570.301761,-68.5,3.6
2453576.22042,-59.7,3.0
2453579.274858,-55.9,3.2
2453632.196664,-92.3,3.6
